1,hospital,NYU Langone,101-000-0000,nyulangone@test.test,70,,Atlantic Ave.,11201,Brooklyn,NY,Kings,40.69085,-73.99759,user1,password1
2,school,Public School 8 Elementary,333-333-3333,ps8@test.test,37,,Hicks St.,11201,Brooklyn,NY,Kings,40.70077,-73.99301,user2,password2
3,pharmacy,CVS Pharmacy,111-111-1111,cvspharmacy@test.test,168,,Montague St.,11201,Brooklyn,NY,Kings,40.69412,-73.9923,user3,password3
4,pharmacy,Rite Aid Pharmacy,222-222-2222,riteaide@test.test,182,,Smith St.,11201,Brooklyn,NY,Kings,40.68537,-73.99161,user4,password4
5,hospital,Maimonides Medical Center,444-444-4444,maimonides@test.test,4802,,10th Ave,11219,Brooklyn,NY,KIngs,40.639266,-74.0003477,user5,password5
6,doctors_office,AdvantageCare Physicians Downtown,333-333-3333,advantagecare@test.test,447,,Atlantic Ave.,11217,Brooklyn,NY,Kings,40.6864286,-73.9849358,user6,password6